{
    "inputSignal": [
        1.000000,
        1.000000,
        1.000000,
        1.000000,
        1.000000,
        1.000000,
        1.000000,
        1.000000,
        1.000000,
        1.000000,
        1.000000,
        1.000000,
        1.000000,
        1.000000,
        1.000000,
        1.000000,
        1.000000,
        1.000000,
        1.000000,
        1.000000,
        1.000000,
        1.000000,
        1.000000,
        1.000000,
        1.000000,
        1.000000,
        1.000000,
        1.000000,
        1.000000,
        1.000000,
        1.000000,
        1.000000,
        1.000000,
        1.000000,
        1.000000,
        1.000000,
        1.000000,
        1.000000,
        1.000000,
        1.000000,
        1.000000,
        1.000000,
        1.000000,
        1.000000,
        1.000000,
        1.000000,
        1.000000,
        1.000000,
        1.000000,
        1.000000,
        1.000000,
        1.000000,
        1.000000,
        1.000000,
        1.000000,
        1.000000,
        1.000000,
        1.000000,
        1.000000,
        1.000000,
        1.000000,
        1.000000,
        1.000000,
        1.000000,
        1.000000,
        1.000000,
        1.000000,
        1.000000,
        1.000000,
        1.000000,
        1.000000,
        1.000000,
        1.000000,
        1.000000,
        1.000000,
        1.000000,
        1.000000,
        1.000000,
        1.000000,
        1.000000,
        1.000000,
        1.000000,
        1.000000,
        1.000000,
        1.000000,
        1.000000,
        1.000000,
        1.000000,
        1.000000,
        1.000000,
        1.000000,
        1.000000,
        1.000000,
        1.000000,
        1.000000,
        1.000000,
        1.000000,
        1.000000,
        1.000000,
        1.000000
    ],
    "sampleCount": 100,
    "taperedSignal": [
        -0.000000,
        0.000363,
        0.001458,
        0.003305,
        0.005934,
        0.009386,
        0.013715,
        0.018981,
        0.025253,
        0.032606,
        0.041119,
        0.050870,
        0.061940,
        0.074405,
        0.088339,
        0.103806,
        0.120862,
        0.139551,
        0.159904,
        0.181936,
        0.205646,
        0.231014,
        0.258000,
        0.286547,
        0.316571,
        0.347973,
        0.380630,
        0.414398,
        0.449115,
        0.484598,
        0.520650,
        0.557055,
        0.593585,
        0.630000,
        0.666052,
        0.701487,
        0.736045,
        0.769468,
        0.801499,
        0.831887,
        0.860389,
        0.886773,
        0.910822,
        0.932335,
        0.951130,
        0.967047,
        0.979949,
        0.989725,
        0.996290,
        0.999587,
        0.999587,
        0.996290,
        0.989725,
        0.979949,
        0.967047,
        0.951130,
        0.932335,
        0.910822,
        0.886773,
        0.860389,
        0.831887,
        0.801499,
        0.769468,
        0.736045,
        0.701487,
        0.666052,
        0.630000,
        0.593585,
        0.557055,
        0.520650,
        0.484598,
        0.449115,
        0.414398,
        0.380630,
        0.347973,
        0.316571,
        0.286547,
        0.258000,
        0.231014,
        0.205646,
        0.181936,
        0.159904,
        0.139551,
        0.120862,
        0.103806,
        0.088339,
        0.074405,
        0.061940,
        0.050870,
        0.041119,
        0.032606,
        0.025253,
        0.018981,
        0.013715,
        0.009386,
        0.005934,
        0.003305,
        0.001458,
        0.000363,
        -0.000000
    ],
    "percentTapered": 2.405002
}