{
    "inputSignal": [
        1.000000,
        1.000000,
        1.000000,
        1.000000,
        1.000000,
        1.000000,
        1.000000,
        1.000000,
        1.000000,
        1.000000,
        1.000000,
        1.000000,
        1.000000,
        1.000000,
        1.000000,
        1.000000,
        1.000000,
        1.000000,
        1.000000,
        1.000000,
        1.000000,
        1.000000,
        1.000000,
        1.000000,
        1.000000,
        1.000000,
        1.000000,
        1.000000,
        1.000000,
        1.000000,
        1.000000,
        1.000000,
        1.000000,
        1.000000,
        1.000000,
        1.000000,
        1.000000,
        1.000000,
        1.000000,
        1.000000,
        1.000000,
        1.000000,
        1.000000,
        1.000000,
        1.000000,
        1.000000,
        1.000000,
        1.000000,
        1.000000,
        1.000000,
        1.000000,
        1.000000,
        1.000000,
        1.000000,
        1.000000,
        1.000000,
        1.000000,
        1.000000,
        1.000000,
        1.000000,
        1.000000,
        1.000000,
        1.000000,
        1.000000,
        1.000000,
        1.000000,
        1.000000,
        1.000000,
        1.000000,
        1.000000,
        1.000000,
        1.000000,
        1.000000,
        1.000000,
        1.000000,
        1.000000,
        1.000000,
        1.000000,
        1.000000,
        1.000000,
        1.000000,
        1.000000,
        1.000000,
        1.000000,
        1.000000,
        1.000000,
        1.000000,
        1.000000,
        1.000000,
        1.000000,
        1.000000,
        1.000000,
        1.000000,
        1.000000,
        1.000000,
        1.000000,
        1.000000,
        1.000000,
        1.000000,
        1.000000
    ],
    "sampleCount": 100,
    "startValue": 0.750000,
    "endValue": 3.000000,
    "taperedSignal": [
        0.999753,
        0.999013,
        0.997781,
        0.996057,
        0.993844,
        0.991144,
        0.987958,
        0.984292,
        0.980147,
        0.975528,
        0.970440,
        0.964888,
        0.958877,
        0.952414,
        0.945503,
        0.938153,
        0.930371,
        0.922164,
        0.913540,
        0.904508,
        0.895078,
        0.885257,
        0.875056,
        0.864484,
        0.853553,
        0.842274,
        0.830656,
        0.818712,
        0.806454,
        0.793893,
        0.781042,
        0.767913,
        0.754521,
        0.740877,
        0.726995,
        0.712890,
        0.698574,
        0.684062,
        0.669369,
        0.654508,
        0.639496,
        0.624345,
        0.609072,
        0.593691,
        0.578217,
        0.562667,
        0.547054,
        0.531395,
        0.515705,
        0.500000,
        0.484295,
        0.468605,
        0.452946,
        0.437333,
        0.421783,
        0.406309,
        0.390928,
        0.375655,
        0.360504,
        0.345492,
        0.330631,
        0.315938,
        0.301426,
        0.287110,
        0.273005,
        0.259123,
        0.245479,
        0.232087,
        0.218958,
        0.206107,
        0.193546,
        0.181288,
        0.169344,
        0.157726,
        0.146447,
        0.135516,
        0.124944,
        0.114743,
        0.104922,
        0.095492,
        0.086460,
        0.077836,
        0.069629,
        0.061847,
        0.054497,
        0.047586,
        0.041123,
        0.035112,
        0.029560,
        0.024472,
        0.019853,
        0.015708,
        0.012042,
        0.008856,
        0.006156,
        0.003943,
        0.002219,
        0.000987,
        0.000247,
        0.000000
    ],
    "percentTapered": 2.023121
}