{
"inputSignal" : [
1.000000,
1.000000,
1.000000,
1.000000,
1.000000,
1.000000,
1.000000,
1.000000,
1.000000,
1.000000,
1.000000,
1.000000,
1.000000,
1.000000,
1.000000,
1.000000,
1.000000,
1.000000,
1.000000,
1.000000,
1.000000,
1.000000,
1.000000,
1.000000,
1.000000,
1.000000,
1.000000,
1.000000,
1.000000,
1.000000,
1.000000,
1.000000,
1.000000,
1.000000,
1.000000,
1.000000,
1.000000,
1.000000,
1.000000,
1.000000,
1.000000,
1.000000,
1.000000,
1.000000,
1.000000,
1.000000,
1.000000,
1.000000,
1.000000,
1.000000,
1.000000,
1.000000,
1.000000,
1.000000,
1.000000,
1.000000,
1.000000,
1.000000,
1.000000,
1.000000,
1.000000,
1.000000,
1.000000,
1.000000,
1.000000,
1.000000,
1.000000,
1.000000,
1.000000,
1.000000,
1.000000,
1.000000,
1.000000,
1.000000,
1.000000,
1.000000,
1.000000,
1.000000,
1.000000,
1.000000,
1.000000,
1.000000,
1.000000,
1.000000,
1.000000,
1.000000,
1.000000,
1.000000,
1.000000,
1.000000,
1.000000,
1.000000,
1.000000,
1.000000,
1.000000,
1.000000,
1.000000,
1.000000,
1.000000,
1.000000
],
"sampleCount": 100,
"startValue": 0.250000,
"endValue": 0.750000,
"taperedSignal": [
0.000000,
0.003943,
0.015708,
0.035112,
0.061847,
0.095492,
0.135516,
0.181288,
0.232087,
0.287110,
0.345492,
0.406309,
0.468605,
0.531395,
0.593691,
0.654508,
0.712890,
0.767913,
0.818712,
0.864484,
0.904508,
0.938153,
0.964888,
0.984292,
0.996057,
0.999561,
0.998246,
0.996057,
0.992998,
0.989074,
0.984292,
0.978660,
0.972188,
0.964888,
0.956773,
0.947856,
0.938153,
0.927682,
0.916461,
0.904508,
0.891847,
0.878498,
0.864484,
0.849832,
0.834565,
0.818712,
0.802300,
0.785357,
0.767913,
0.750000,
0.731648,
0.712890,
0.693758,
0.674286,
0.654508,
0.634460,
0.614175,
0.593691,
0.573042,
0.552264,
0.531395,
0.510471,
0.489529,
0.468605,
0.447736,
0.426958,
0.406309,
0.385825,
0.365540,
0.345492,
0.325714,
0.306242,
0.287110,
0.268352,
0.250000,
0.232087,
0.214643,
0.197700,
0.181288,
0.165435,
0.150168,
0.135516,
0.121502,
0.108153,
0.095492,
0.083539,
0.072318,
0.061847,
0.052144,
0.043227,
0.035112,
0.027812,
0.021340,
0.015708,
0.010926,
0.007002,
0.003943,
0.001754,
0.000439,
0.000000
],
"percentTapered" : 2.040816
}