{
    "inputSignal": [
        1.000000,
        1.000000,
        1.000000,
        1.000000,
        1.000000,
        1.000000,
        1.000000,
        1.000000,
        1.000000,
        1.000000,
        1.000000,
        1.000000,
        1.000000,
        1.000000,
        1.000000,
        1.000000,
        1.000000,
        1.000000,
        1.000000,
        1.000000,
        1.000000,
        1.000000,
        1.000000,
        1.000000,
        1.000000,
        1.000000,
        1.000000,
        1.000000,
        1.000000,
        1.000000,
        1.000000,
        1.000000,
        1.000000,
        1.000000,
        1.000000,
        1.000000,
        1.000000,
        1.000000,
        1.000000,
        1.000000,
        1.000000,
        1.000000,
        1.000000,
        1.000000,
        1.000000,
        1.000000,
        1.000000,
        1.000000,
        1.000000,
        1.000000,
        1.000000,
        1.000000,
        1.000000,
        1.000000,
        1.000000,
        1.000000,
        1.000000,
        1.000000,
        1.000000,
        1.000000,
        1.000000,
        1.000000,
        1.000000,
        1.000000,
        1.000000,
        1.000000,
        1.000000,
        1.000000,
        1.000000,
        1.000000,
        1.000000,
        1.000000,
        1.000000,
        1.000000,
        1.000000,
        1.000000,
        1.000000,
        1.000000,
        1.000000,
        1.000000,
        1.000000,
        1.000000,
        1.000000,
        1.000000,
        1.000000,
        1.000000,
        1.000000,
        1.000000,
        1.000000,
        1.000000,
        1.000000,
        1.000000,
        1.000000,
        1.000000,
        1.000000,
        1.000000,
        1.000000,
        1.000000,
        1.000000,
        1.000000
    ],
    "sampleCount": 100,
    "taperedSignal": [
        0.000987,
        0.003943,
        0.008856,
        0.015708,
        0.024472,
        0.035112,
        0.047586,
        0.061847,
        0.077836,
        0.095491,
        0.114743,
        0.135516,
        0.157726,
        0.181288,
        0.206107,
        0.232087,
        0.259123,
        0.287110,
        0.315938,
        0.345491,
        0.375655,
        0.406309,
        0.437333,
        0.468605,
        0.500000,
        0.531395,
        0.562667,
        0.593691,
        0.624345,
        0.654508,
        0.684062,
        0.712890,
        0.740877,
        0.767913,
        0.793893,
        0.818712,
        0.842274,
        0.864484,
        0.885257,
        0.904508,
        0.922164,
        0.938153,
        0.952414,
        0.964888,
        0.975528,
        0.984292,
        0.991144,
        0.996057,
        0.999013,
        1.000000,
        1.000000,
        0.999013,
        0.996057,
        0.991144,
        0.984292,
        0.975528,
        0.964888,
        0.952414,
        0.938153,
        0.922164,
        0.904508,
        0.885257,
        0.864484,
        0.842274,
        0.818712,
        0.793893,
        0.767913,
        0.740877,
        0.712890,
        0.684062,
        0.654508,
        0.624345,
        0.593691,
        0.562667,
        0.531395,
        0.500000,
        0.468605,
        0.437333,
        0.406309,
        0.375655,
        0.345491,
        0.315938,
        0.287110,
        0.259123,
        0.232087,
        0.206107,
        0.181288,
        0.157726,
        0.135516,
        0.114743,
        0.095491,
        0.077836,
        0.061847,
        0.047586,
        0.035112,
        0.024472,
        0.015708,
        0.008856,
        0.003943,
        0.000987
    ],
    "percentTapered": 1.960784
}