{
    "inputSignal": [
        1.000000,
        1.000000,
        1.000000,
        1.000000,
        1.000000,
        1.000000,
        1.000000,
        1.000000,
        1.000000,
        1.000000,
        1.000000,
        1.000000,
        1.000000,
        1.000000,
        1.000000,
        1.000000,
        1.000000,
        1.000000,
        1.000000,
        1.000000,
        1.000000,
        1.000000,
        1.000000,
        1.000000,
        1.000000,
        1.000000,
        1.000000,
        1.000000,
        1.000000,
        1.000000,
        1.000000,
        1.000000,
        1.000000,
        1.000000,
        1.000000,
        1.000000,
        1.000000,
        1.000000,
        1.000000,
        1.000000,
        1.000000,
        1.000000,
        1.000000,
        1.000000,
        1.000000,
        1.000000,
        1.000000,
        1.000000,
        1.000000,
        1.000000,
        1.000000,
        1.000000,
        1.000000,
        1.000000,
        1.000000,
        1.000000,
        1.000000,
        1.000000,
        1.000000,
        1.000000,
        1.000000,
        1.000000,
        1.000000,
        1.000000,
        1.000000,
        1.000000,
        1.000000,
        1.000000,
        1.000000,
        1.000000,
        1.000000,
        1.000000,
        1.000000,
        1.000000,
        1.000000,
        1.000000,
        1.000000,
        1.000000,
        1.000000,
        1.000000,
        1.000000,
        1.000000,
        1.000000,
        1.000000,
        1.000000,
        1.000000,
        1.000000,
        1.000000,
        1.000000,
        1.000000,
        1.000000,
        1.000000,
        1.000000,
        1.000000,
        1.000000,
        1.000000,
        1.000000,
        1.000000,
        1.000000,
        1.000000
    ],
    "sampleCount": 100,
    "taperedSignal": [
        0.009901,
        0.029703,
        0.049505,
        0.069307,
        0.089109,
        0.108911,
        0.128713,
        0.148515,
        0.168317,
        0.188119,
        0.207921,
        0.227723,
        0.247525,
        0.267327,
        0.287129,
        0.306931,
        0.326733,
        0.346535,
        0.366337,
        0.386139,
        0.405941,
        0.425743,
        0.445545,
        0.465347,
        0.485149,
        0.504950,
        0.524752,
        0.544554,
        0.564356,
        0.584158,
        0.603960,
        0.623762,
        0.643564,
        0.663366,
        0.683168,
        0.702970,
        0.722772,
        0.742574,
        0.762376,
        0.782178,
        0.801980,
        0.821782,
        0.841584,
        0.861386,
        0.881188,
        0.900990,
        0.920792,
        0.940594,
        0.960396,
        0.980198,
        1.000000,
        0.980198,
        0.960396,
        0.940594,
        0.920792,
        0.900990,
        0.881188,
        0.861386,
        0.841584,
        0.821782,
        0.801980,
        0.782178,
        0.762376,
        0.742574,
        0.722772,
        0.702970,
        0.683168,
        0.663366,
        0.643564,
        0.623762,
        0.603960,
        0.584158,
        0.564356,
        0.544554,
        0.524752,
        0.504950,
        0.485149,
        0.465347,
        0.445545,
        0.425743,
        0.405941,
        0.386139,
        0.366337,
        0.346535,
        0.326733,
        0.306931,
        0.287129,
        0.267327,
        0.247525,
        0.227723,
        0.207921,
        0.188119,
        0.168317,
        0.148515,
        0.128713,
        0.108911,
        0.089109,
        0.069307,
        0.049505,
        0.029703
    ],
    "percentTapered": 1.980393
}