{
    "channelSegments": [
        {
            "units": "NANOMETERS",
            "timeseries": [
                {
                    "endTime": 17024031003.407,
                    "type": "WAVEFORM",
                    "startTime": 17024031000.407,
                    "sampleRateHz": 40,
                    "samples": [
                        102.95128894949208,
                        110.238195100515,
                        99.9021488585814,
                        96.86567370129048,
                        107.0152930217843,
                        111.41185415209594,
                        115.95984890275516,
                        121.05757541948559,
                        119.95606469423929,
                        107.6542201708568,
                        105.95083564351273,
                        117.46373039452794,
                        108.67144066804319,
                        104.91526691118717,
                        119.57231537431502,
                        117.82148451170593,
                        114.56478460325741,
                        122.42836523752182,
                        122.42502130159563,
                        119.45832636747745,
                        119.20360817879042,
                        116.40325759026615,
                        112.83326474054903,
                        118.186477545238,
                        126.99366347194898,
                        118.33506188983512,
                        120.4211580416412,
                        134.35545175311307,
                        120.18933627692276,
                        117.66978121068493,
                        134.44932483060532,
                        129.53235464835674,
                        126.0118222495875,
                        128.3840077263474,
                        117.86537858406935,
                        118.45244686466387,
                        134.92941681821173,
                        138.57977351640756,
                        127.75949890204318,
                        126.21466695536094,
                        129.21168428796358,
                        120.33335564194637,
                        125.33808894771211,
                        137.05709166056482,
                        126.60663252274675,
                        122.11113514440399,
                        129.15312645796095,
                        130.74399935306224,
                        128.36655301922116,
                        126.73336424179627,
                        124.39525822225222,
                        118.01404130074124,
                        127.41902664035194,
                        137.36454152270363,
                        129.22976645696417,
                        131.88634885573344,
                        132.69729944390173,
                        116.08674509873504,
                        115.25194243148007,
                        130.5113188103493,
                        129.9534011172111,
                        125.80203473755869,
                        132.728939894992,
                        126.31435193408007,
                        116.90016211179748,
                        121.47649229433085,
                        121.4274775883438,
                        120.90978360717585,
                        130.27529749664993,
                        126.66812835890303,
                        113.3266945561645,
                        121.59011283711499,
                        128.38726998704186,
                        118.39652451035316,
                        120.99296243098166,
                        125.480358901972,
                        114.44796034764863,
                        107.72240396863702,
                        117.70988523631145,
                        122.70403428725162,
                        115.11093473898266,
                        120.80141573307064,
                        128.73929034707905,
                        121.34611523609784,
                        120.22526514525835,
                        122.09544632138133,
                        111.67042758941179,
                        113.59924424229463,
                        123.5209165948254,
                        112.00928121032895,
                        113.29365926286354,
                        131.4879630651037,
                        128.76294170651857,
                        124.15915890232796,
                        125.82382473905385,
                        123.92734994194251,
                        122.88270424186747,
                        125.70148156944053,
                        131.3533312545027,
                        125.43106740602404,
                        127.14872709172698,
                        132.23696722823541,
                        120.38022926236515,
                        124.39512116409041,
                        133.6878612550011,
                        131.71383392175767,
                        134.76093292745608,
                        140.30911944375933,
                        133.68614948949948,
                        119.54722917116968,
                        125.93380415067196,
                        137.15976948935707,
                        136.12187274513633,
                        139.76188975819875,
                        142.0202364564658,
                        136.88780238474314,
                        139.39094582298455,
                        145.8556450517133,
                        140.39051175054993,
                        140.88603871829943
                    ],
                    "sampleCount": 120
                }
            ],
            "maskedBy": [],
            "timeseriesType": "WAVEFORM",
            "missingInputChannels": [],
            "id": {
                "channel": {
                    "name": "MA2.MA2.BHT",
                    "effectiveAt": 17024031000.407
                },
                "startTime": 17024031003.407,
                "endTime": 17024031003.407,
                "creationTime": 17024031000.407
            }
        },
        {
            "units": "NANOMETERS",
            "timeseries": [
                {
                    "endTime": 17024031003.407,
                    "type": "WAVEFORM",
                    "startTime": 17024031000.407,
                    "sampleRateHz": 40,