{
    "waveform": {
        "channelName": "Test Channel",
        "processingMaskCount": 1,
        "maskedBy": [
            {
                "processingOperation": 2,
                "startTime": 0.250000,
                "endTime": 2.500000,
                "isFixed": 0
            }
        ],
        "northDisplacementKm": 0.000000,
        "eastDisplacementKm": 0.000000,
        "verticalDisplacementKm": 0.000000,
        "sampleRateHz": 40.000000,
        "startTime": 1.000000,
        "endTime": 11.000000,
        "sampleCount": 400,
        "data": [
            0.000000,
            0.000000,
            0.000000,
            0.000000,
            0.000000,
            0.000000,
            0.000000,
            0.000000,
            0.000000,
            0.000000,
            0.000000,
            0.000000,
            0.000000,
            0.000000,
            0.000000,
            0.000000,
            0.000000,
            0.000000,
            0.000000,
            0.000000,
            0.000000,
            0.000000,
            0.000000,
            0.000000,
            0.000000,
            0.000000,
            0.000000,
            0.000000,
            0.000000,
            0.000000,
            0.000000,
            0.000000,
            0.000000,
            0.000000,
            0.000000,
            0.000000,
            0.000000,
            0.000000,
            0.000000,
            0.000000,
            0.000000,
            0.000000,
            0.000000,
            0.000000,
            0.000000,
            0.000000,
            0.000000,
            0.000000,
            0.000000,
            0.000000,
            0.000000,
            0.000000,
            0.000000,
            0.000000,
            0.000000,
            0.000000,
            0.000000,
            0.000000,
            0.000000,
            0.000000,
            0.000000,
            1.000000,
            2.000000,
            3.000000,
            4.000000,
            5.000000,
            6.000000,
            7.000000,
            8.000000,
            9.000000,
            0.000000,
            1.000000,
            2.000000,
            3.000000,
            4.000000,
            5.000000,
            6.000000,
            7.000000,
            8.000000,
            9.000000,
            0.000000,
            1.000000,
            2.000000,
            3.000000,
            4.000000,
            5.000000,
            6.000000,
            7.000000,
            8.000000,
            9.000000,
            0.000000,
            1.000000,
            2.000000,
            3.000000,
            4.000000,
            5.000000,
            6.000000,
            7.000000,
            8.000000,
            9.000000,
            0.000000,
            1.000000,
            2.000000,
            3.000000,
            4.000000,
            5.000000,
            6.000000,
            7.000000,
            8.000000,
            9.000000,
            0.000000,
            1.000000,
            2.000000,
            3.000000,
            4.000000,
            5.000000,
            6.000000,
            7.000000,
            8.000000,
            9.000000,
            0.000000,
            1.000000,
            2.000000,
            3.000000,
            4.000000,
            5.000000,
            6.000000,
            7.000000,
            8.000000,
            9.000000,
            0.000000,
            1.000000,
            2.000000,
            3.000000,
            4.000000,
            5.000000,
            6.000000,
            7.000000,
            8.000000,
            9.000000,
            0.000000,
            1.000000,
            2.000000,
            3.000000,
            4.000000,
            5.000000,
            6.000000,
            7.000000,
            8.000000,
            9.000000,
            0.000000,
            1.000000,
            2.000000,
            3.000000,
            4.000000,
            5.000000,
            6.000000,
            7.000000,
            8.000000,
            9.000000,
            0.000000,
            1.000000,
            2.000000,
            3.000000,
            4.000000,
            5.000000,
            6.000000,
            7.000000,
            8.000000,
            9.000000,
            0.000000,
            1.000000,
            2.000000,
            3.000000,
            4.000000,
            5.000000,
            6.000000,
            7.000000,
            8.000000,
            9.000000,
            0.000000,
            1.000000,
            2.000000,
            3.000000,
            4.000000,
            5.000000,
            6.000000,
            7.000000,
            8.000000,
            9.000000,
            0.000000,
            1.000000,
            2.000000,
            3.000000,
            4.000000,
            5.000000,
            6.000000,
            7.000000,
            8.000000,
            9.000000,
            0.000000,
            1.000000,
            2.000000,
            3.000000,
            4.000000,
            5.000000,
            6.000000,
            7.000000,
            8.000000,
            9.000000,
            0.000000,
            1.000000,
            2.000000,
            3.000000,
            4.000000,
            5.000000,
            6.000000,
            7.000000,
            8.000000,
            9.000000,
            0.000000,
            1.000000,
            2.000000,
            3.000000,
            4.000000,
            5.000000,
            6.000000,
            7.000000,
            8.000000,
            9.000000,
            0.000000,
            1.000000,
            2.000000,
            3.000000,
            4.000000,
            5.000000,
            6.000000,
            7.000000,
            8.000000,
            9.000000,
            0.000000,
            1.000000,
            2.000000,
            3.000000,
            4.000000,
            5.000000,
            6.000000,
            7.000000,
            8.000000,
            9.000000,
            0.000000,
            1.000000,
            2.000000,
            3.000000,
            4.000000,
            5.000000,
            6.000000,
            7.000000,
            8.000000,
            9.000000,
            0.000000,
            1.000000,
            2.000000,
            3.000000,
            4.000000,
            5.000000,
            6.000000,
            7.000000,
            8.000000,
            9.000000,
            0.000000,
            1.000000,
            2.000000,
            3.000000,
            4.000000,
            5.000000,
            6.000000,
            7.000000,
            8.000000,
            9.000000,
            0.000000,
            1.000000,
            2.000000,
            3.000000,
            4.000000,
            5.000000,
            6.000000,
            7.000000,
            8.000000,
            9.000000,
            0.000000,
            1.000000,
            2.000000,
            3.000000,
            4.000000,
            5.000000,
            6.000000,
            7.000000,
            8.000000,
            9.000000,
            0.000000,
            1.000000,
            2.000000,
            3.000000,
            4.000000,
            5.000000,
            6.000000,
            7.000000,
            8.000000,
            9.000000,
            0.000000,
            1.000000,
            2.000000,
            3.000000,
            4.000000,
            5.000000,
            6.000000,
            7.000000,
            8.000000,
            9.000000,
            0.000000,
            1.000000,
            2.000000,
            3.000000,
            4.000000,
            5.000000,
            6.000000,
            7.000000,
            8.000000,
            9.000000,
            0.000000,
            1.000000,
            2.000000,
            3.000000,
            4.000000,
            5.000000,
            6.000000,
