{
"inputSignal" : [
1.000000,
1.000000,
1.000000,
1.000000,
1.000000,
1.000000,
1.000000,
1.000000,
1.000000,
1.000000,
1.000000,
1.000000,
1.000000,
1.000000,
1.000000,
1.000000,
1.000000,
1.000000,
1.000000,
1.000000,
1.000000,
1.000000,
1.000000,
1.000000,
1.000000,
1.000000,
1.000000,
1.000000,
1.000000,
1.000000,
1.000000,
1.000000,
1.000000,
1.000000,
1.000000,
1.000000,
1.000000,
1.000000,
1.000000,
1.000000,
1.000000,
1.000000,
1.000000,
1.000000,
1.000000,
1.000000,
1.000000,
1.000000,
1.000000,
1.000000,
1.000000,
1.000000,
1.000000,
1.000000,
1.000000,
1.000000,
1.000000,
1.000000,
1.000000,
1.000000,
1.000000,
1.000000,
1.000000,
1.000000,
1.000000,
1.000000,
1.000000,
1.000000,
1.000000,
1.000000,
1.000000,
1.000000,
1.000000,
1.000000,
1.000000,
1.000000,
1.000000,
1.000000,
1.000000,
1.000000,
1.000000,
1.000000,
1.000000,
1.000000,
1.000000,
1.000000,
1.000000,
1.000000,
1.000000,
1.000000,
1.000000,
1.000000,
1.000000,
1.000000,
1.000000,
1.000000,
1.000000,
1.000000,
1.000000,
1.000000
],
"sampleCount": 100,
"taperedSignal": [
0.039212,
0.077639,
0.115283,
0.152142,
0.188217,
0.223507,
0.258014,
0.291736,
0.324674,
0.356828,
0.388197,
0.418782,
0.448583,
0.477600,
0.505833,
0.533281,
0.559945,
0.585825,
0.610920,
0.635232,
0.658759,
0.681502,
0.703460,
0.724635,
0.745025,
0.764631,
0.783453,
0.801490,
0.818743,
0.835212,
0.850897,
0.865797,
0.879914,
0.893246,
0.905794,
0.917557,
0.928536,
0.938731,
0.948142,
0.956769,
0.964611,
0.971669,
0.977943,
0.983433,
0.988138,
0.992060,
0.995197,
0.997549,
0.999118,
0.999902,
0.999902,
0.999118,
0.997549,
0.995197,
0.992060,
0.988138,
0.983433,
0.977943,
0.971669,
0.964611,
0.956769,
0.948142,
0.938731,
0.928536,
0.917557,
0.905794,
0.893246,
0.879914,
0.865797,
0.850897,
0.835212,
0.818743,
0.801490,
0.783453,
0.764631,
0.745025,
0.724635,
0.703460,
0.681502,
0.658759,
0.635232,
0.610920,
0.585825,
0.559945,
0.533281,
0.505833,
0.477600,
0.448583,
0.418782,
0.388197,
0.356828,
0.324674,
0.291736,
0.258014,
0.223507,
0.188217,
0.152142,
0.115283,
0.077639,
0.039212
],
"percentTapered" : 1.485294
}